training_acc,training_loss,diff,group_index,Cost
0.6049691833590138,1.9806925174313812,0.1246,"[4, 5]",18.093719977835924
